id,title,category,tags,body,created_at
1,"R√©sum√© booster","productivity","resume,careers","Give me a concise r√©sum√© summary for a backend engineer focused on asyncio, I/O, and CPython internals.",2024-11-02T13:22:04Z
2,"Caf√© review ‚òï","fun","food,reviews","Write a playful review of ""Le Caf√©, Inc."" located at 12, Rue des Arts.",2025-01-18T08:01:59Z
3,"Data-cleaner","utilities","csv,cleaning","Normalize weird ‚Äúsmart quotes‚Äù, trim whitespace, and collapse multiple spaces. Also handle emoji üëç.",2025-03-03T17:40:10Z
4,"LLM-prompt: JSON extract","devtools","llm,json","Extract entities as JSON. Fields: name, version, license. If uncertain, return nulls.",2024-12-10T21:05:31Z
5,"Split, but badly","utilities","csv","This row has an extra, dangling field",2025-02-14T10:00:00Z,EXTRA
6,"Multiline note","notes","writing","Line one.
Line two, with a comma.
""Quoted line"", with ""quotes"".",2025-05-22T09:09:09Z
7,"Polish diacritics","i18n","search","Wyszukaj s≈Çowo ‚Äû≈º√≥≈Çƒá‚Äù i jego warianty bez znak√≥w diakrytycznych.",2025-06-01T11:11:11Z
